,...1,latitude,longitude,business_name,street_address,zip,NAICS_2017_6digit_code,NAICS_2017_6digit_desc,NAICS_2017_2digit_code,NAICS_2017_2digit_desc,estimated_employment,employment_buckets,mainstreet,geometry,district,index_right,DISTRICT,
2667,2668,42.311327,-71.080831,wingz + tingz,388 Blue Hill Ave,2121,722511,Full-Service Restaurants,72,Accommodation and Food Services,5,1 to 9,Grove Hall,POINT (-71.080831 42.311327),,6,4,small business
2670,2671,42.305682,-71.081282,washington columbia li,95 Washington St,2121,531210,Offices of Real Estate Agents and Brokers,53,Real Estate Rental and Leasing,3,1 to 9,Grove Hall,POINT (-71.081282 42.305682),,6,4,
2671,2672,42.305682,-71.081282,washington columbia ii apartments,95 Washington St,2121,0,,99,,5,1 to 9,Grove Hall,POINT (-71.081282 42.305682),,6,4,
2672,2673,42.305404,-71.081098,washington columbia ii,102 Columbia Rd,2121,0,,99,Undefined,0,Not Available,Grove Hall,POINT (-71.081098 42.305404),,6,4,
2674,2675,42.307953,-71.083183,vip wireless,482 Blue Hill Ave,2121,517312,Wireless Telecommunications Carriers (except Satellite),51,Information,2,1 to 9,Grove Hall,POINT (-71.083183 42.307953),,6,4,small business
2679,2680,42.307361,-71.082764,upscale home solutions inc,23 Washington St,2121,0,,99,Undefined,0,Not Available,Grove Hall,POINT (-71.082764 42.307361),,6,4,
2683,2684,42.3082,-71.0828,transitional remedies solutions,320B Blue Hill Ave,2121,813319,Other Social Advocacy Organizations,81,Other Services,9,1 to 9,Grove Hall,POINT (-71.0828 42.3082),,6,4,
2684,2685,42.307847,-71.083035,touch of class,11 Washington St,2121,812112,Beauty Salons,81,Personal Care Services,2,1 to 9,Grove Hall,POINT (-71.083035 42.307847),,6,4,
2685,2686,42.3082,-71.0828,touch fm,5 Cheney St,2121,515112,Radio Stations,51,Information,8,1 to 9,Grove Hall,POINT (-71.0828 42.3082),,6,4,
2686,2687,42.307846,-71.082985,tiffany nail spa,9 Washington St,2121,812113,Nail Salons,81,Personal Care Services,3,1 to 9,Grove Hall,POINT (-71.082985 42.307846),,6,4,
2688,2689,42.307953,-71.083183,teleprime llc,482 Blue Hill Ave,2121,237990,Other Heavy and Civil Engineering Construction,23,Construction,0,Not Available,Grove Hall,POINT (-71.083183 42.307953),,6,4,
2689,2690,42.311327,-71.080831,tasty caribbean,388 Blue Hill Ave,2121,722511,Full-Service Restaurants,72,Accommodation and Food Services,8,1 to 9,Grove Hall,POINT (-71.080831 42.311327),,6,4,
2690,2691,42.307069,-71.082074,sun pizza,46 Washington St,2121,722511,Full-Service Restaurants,72,Accommodation and Food Services,2,1 to 9,Grove Hall,POINT (-71.082074 42.307069),,6,4,
2691,2692,42.3082,-71.0828,stone & skillet,198 Quincy St,2121,311812,Commercial Bakeries,31,Manufacturing,25,25 to 49,Grove Hall,POINT (-71.0828 42.3082),,6,4,
2693,2694,42.312811,-71.079707,spots cleaners & tailoring inc,336 Blue Hill Ave,2121,812320, ,81,Other Services,1,1 to 9,Grove Hall,POINT (-71.079707 42.312811),,6,4,
2694,2695,42.3082,-71.0828,specialized rigging & tree,121 Townsend St,2121,561730,Landscaping Services,56,"Adminstrative, Support, Waste Management, and Remediation Services",1,1 to 9,Grove Hall,POINT (-71.0828 42.3082),,6,4,
2695,2696,42.311192,-71.081009,sparkle & shoes & accessories,73 Brunswick St,2121,448210,Shoe Stores,44,Retail Trade,5,1 to 9,Grove Hall,POINT (-71.081009 42.311192),,6,4,
2698,2699,42.308081,-71.08237,simple site solutions llc,24 Washington St,2121,0,,99,Undefined,0,Not Available,Grove Hall,POINT (-71.08237 42.308081),,6,4,
2701,2702,42.308042,-71.083157,salon bounce,480 Blue Hill Ave,2121,812112,Beauty Salons,81,Personal Care Services,2,1 to 9,Grove Hall,POINT (-71.083157 42.308042),,6,4,
2702,2703,42.303842,-71.084732,safwan enterprise inc,600 Blue Hill Ave,2121,0,,99,Undefined,0,Not Available,Grove Hall,POINT (-71.084732 42.303842),,6,4,
2704,2705,42.3082,-71.0828,roxbury printshop,199 Humboldt Ave,2121,323111,Commercial Printing (except Screen and Books),32,Manufacturing,3,1 to 9,Grove Hall,POINT (-71.0828 42.3082),,6,4,
2710,2711,42.313512,-71.079241,quincy geneva housing corporation,320 Blue Hill Ave,2121,0,,99,Undefined,0,Not Available,Grove Hall,POINT (-71.079241 42.313512),,6,4,
2712,2713,42.3082,-71.0828,pure oasis,430 Blue Hill Ave,2121,453998,All Other Miscellaneous Store Retailers (except Tobacco Stores),45,Retail Trade,2,1 to 9,Grove Hall,POINT (-71.0828 42.3082),,6,4,
2713,2714,42.3082,-71.0828,"project right, inc",320A Blue Hill Ave,2121,624190,Other Individual and Family Services,62,Healthcare and Social Assistance,4,1 to 9,Grove Hall,POINT (-71.0828 42.3082),,6,4,
2715,2716,42.308081,-71.08237,prince hall grand lodge,24 Washington St,2121,813410,Civic and Social Organizations,81,Other Services,6,1 to 9,Grove Hall,POINT (-71.08237 42.308081),,6,4,
2716,2717,42.307953,-71.083183,porta classica,478 Blue Hill Ave,2121,448110,Men's Clothing Stores,44,Retail Trade,7,1 to 9,Grove Hall,POINT (-71.083183 42.307953),,6,4,
2717,2718,42.303658,-71.084763,pls check cashers,610 Blue Hill Ave,2121,522320,"Financial Transactions Processing, Reserve, and Clearinghouse Activities",52,Finance and Insurance,10,10 to 24,Grove Hall,POINT (-71.084763 42.303658),,6,4,
2719,2720,42.307008,-71.083818,peabody properties,504 Blue Hill Ave,2121,531210,Offices of Real Estate Agents and Brokers,53,Real Estate Rental and Leasing,5,1 to 9,Grove Hall,POINT (-71.083818 42.307008),,6,4,
2721,2722,42.309727,-71.082169,paradise nails,438 Blue Hill Ave,2121,812113,Nail Salons,81,Personal Care Services,3,1 to 9,Grove Hall,POINT (-71.082169 42.309727),,6,4,
2723,2724,42.3082,-71.0828,"oneunited bank (dorchester, ma)",648 Warren St,2121,522110,Commercial Banking,52,Finance and Insurance,50,50 to 99,Grove Hall,POINT (-71.0828 42.3082),,6,4,
2725,2726,42.309511,-71.08231,new york fried chicken,442 Blue Hill Ave,2121,722511,Full-Service Restaurants,72,Accommodation and Food Services,3,1 to 9,Grove Hall,POINT (-71.08231 42.309511),,6,4,
2730,2731,42.310979,-71.081184,mott macdonald,400 Blue Hill Ave,2121,541330,Engineering Services,54,"Professional, Scientific, and Technical Services",34,25 to 49,Grove Hall,POINT (-71.081184 42.310979),,6,4,
2733,2734,42.307137,-71.083719,millennium market,496 Blue Hill Ave,2121,445110,Supermarkets and Other Grocery (except Convenience) Stores,44,Retail Trade,4,1 to 9,Grove Hall,POINT (-71.083719 42.307137),,6,4,
2735,2736,42.313617,-71.079116,mentoring security inc,318 Blue Hill Ave,2121,423610,"Electrical Apparatus and Equipment, Wiring Supplies, and Related Equipment Merchant Wholesalers",42,Wholesale Trade,8,1 to 9,Grove Hall,POINT (-71.079116 42.313617),,6,4,
2737,2738,42.313617,-71.079116,matthew's dumpsters,318 Blue Hill Ave,2121,484110,"General Freight Trucking, Local",48,Transportation and Warehosuing,3,1 to 9,Grove Hall,POINT (-71.079116 42.313617),,6,4,
2744,2745,42.3082,-71.0828,madrag,452 Blue Hill Ave,2121,448140,Family Clothing Stores,44,Retail Trade,3,1 to 9,Grove Hall,POINT (-71.0828 42.3082),,6,4,
2745,2746,42.312757,-71.079755,macoa barber shop,338 Blue Hill Ave,2121,812111,Barber Shops,81,Personal Care Services,5,1 to 9,Grove Hall,POINT (-71.079755 42.312757),,6,4,
2747,2748,42.309971,-71.081839,los magicos barbershop-mltsrvc,436 Blue Hill Ave,2121,812111,Barber Shops,81,Personal Care Services,2,1 to 9,Grove Hall,POINT (-71.081839 42.309971),,6,4,
2749,2750,42.306273,-71.081936,lisa martin real estate,59 Washington St,2121,531210,Offices of Real Estate Agents and Brokers,53,Real Estate Rental and Leasing,5,1 to 9,Grove Hall,POINT (-71.081936 42.306273),,6,4,
2750,2751,42.305404,-71.081098,linking hands day care center,102 Columbia Rd,2121,624410,Child Day Care Services,62,Healthcare and Social Assistance,7,1 to 9,Grove Hall,POINT (-71.081098 42.305404),,6,4,
2751,2752,42.312022,-71.080342,lindsey & associates,350 Blue Hill Ave,2121,541110,Offices of Lawyers,54,"Professional, Scientific, and Technical Services",4,1 to 9,Grove Hall,POINT (-71.080342 42.312022),,6,4,
2753,2754,42.308483,-71.082725,leslie transportation service,2 Washington St,2121,485999,All Other Transit and Ground Passenger Transportation,48,Transportation and Warehosuing,1,1 to 9,Grove Hall,POINT (-71.082725 42.308483),,6,4,
2757,2758,42.307568,-71.0833,kujichagulia wellness center,484 Blue Hill Ave,2121,621999,All Other Miscellaneous Ambulatory Health Care Services,62,Healthcare and Social Assistance,0,Not Available,Grove Hall,POINT (-71.0833 42.307568),,6,4,
2759,2760,42.305927,-71.081482,kessler mcguiness & associates,69 Washington St,2121,541310,Architectural Services,54,"Professional, Scientific, and Technical Services",0,Not Available,Grove Hall,POINT (-71.081482 42.305927),,6,4,
2761,2762,42.306576,-71.081851,jeremiah e burke high school,60 Washington St,2121,611110,Elementary and Secondary Schools,61,Educational Services,91,50 to 99,Grove Hall,POINT (-71.081851 42.306576),,6,4,
2762,2763,42.3082,-71.0828,jaz hair extensions,59 Cheney St,2121,812199,Other Personal Care Services,81,Other Services,3,1 to 9,Grove Hall,POINT (-71.0828 42.3082),,6,4,
2764,2765,42.3082,-71.0828,independent headquarters,493C Blue Hill Ave,2121,523930,Investment Advice,52,Finance and Insurance,9,1 to 9,Grove Hall,POINT (-71.0828 42.3082),,6,4,
2765,2766,42.3082,-71.0828,idr construction inc,,2121,236118,Residential Remodelers,23,Construction,5,1 to 9,Grove Hall,POINT (-71.0828 42.3082),,6,4,
2766,2767,42.306419,-71.081261,holy tabernacle church,70 Washington St,2121,813110,Religious Organizations,81,Other Services,1,1 to 9,Grove Hall,POINT (-71.081261 42.306419),,6,4,
2768,2769,42.309727,-71.082169,health & sports rehabilitation,438A Blue Hill Ave,2121,621999,All Other Miscellaneous Ambulatory Health Care Services,62,Healthcare and Social Assistance,10,10 to 24,Grove Hall,POINT (-71.082169 42.309727),,6,4,
2769,2770,42.31101,-71.081064,health & sports rehabilitation,402 Blue Hill Ave,2121,621493,Freestanding Ambulatory Surgical and Emergency Centers,62,Healthcare and Social Assistance,6,1 to 9,Grove Hall,POINT (-71.081064 42.31101),,6,4,
2772,2773,42.312022,-71.080342,habitat for humanities,350 Blue Hill Ave,2121,0,,99,Undefined,0,Not Available,Grove Hall,POINT (-71.080342 42.312022),,6,4,
2773,2774,42.306946,-71.082634,grove hall resident associates,20 Castlegate Rd,2121,541720,Research and Development in the Social Sciences and Humanities,54,"Professional, Scientific, and Technical Services",5,1 to 9,Grove Hall,POINT (-71.082634 42.306946),,6,4,
2774,2775,42.3128,-71.07979,grove hall plumbing co,342 Blue Hill Ave,2121,238160,Roofing Contractors,23,Construction,5,1 to 9,Grove Hall,POINT (-71.07979 42.3128),,6,4,
2777,2778,42.313512,-71.079241,greater grove hall main strts,320 Blue Hill Ave,2121,531210,Offices of Real Estate Agents and Brokers,53,Real Estate Rental and Leasing,5,1 to 9,Grove Hall,POINT (-71.079241 42.313512),,6,4,
2779,2780,42.3082,-71.0828,gigian jewelers,33 Washington St,2121,448310,Jewelry Stores,44,Retail Trade,2,1 to 9,Grove Hall,POINT (-71.0828 42.3082),,6,4,
2784,2785,42.305404,-71.081098,four corners action coalition,102 Columbia Rd,2121,624190,Other Individual and Family Services,62,Healthcare and Social Assistance,9,1 to 9,Grove Hall,POINT (-71.081098 42.305404),,6,4,
2791,2792,42.305033,-71.084308,fernandez liquor store,562 Blue Hill Ave,2121,445310,"Beer, Wine, and Liquor Stores",44,Retail Trade,4,1 to 9,Grove Hall,POINT (-71.084308 42.305033),,6,4,
2792,2793,42.313512,-71.079241,familyaid blue hill ave,317 Blue Hill Ave,2121,624190,Other Individual and Family Services,62,Healthcare and Social Assistance,9,1 to 9,Grove Hall,POINT (-71.079241 42.313512),,6,4,
2794,2795,42.313512,-71.079241,em's variety,320 Blue Hill Ave,2121,452319,All Other General Merchandise Stores,45,Retail Trade,2,1 to 9,Grove Hall,POINT (-71.079241 42.313512),,6,4,
2795,2796,42.313275,-71.079387,el regreso,322 Blue Hill Ave,2121,493120,Refrigerated Warehousing and Storage,49,Transportation and Warehosuing,16,10 to 24,Grove Hall,POINT (-71.079387 42.313275),,6,4,
2802,2803,42.3082,-71.0828,dimock comm health center,71 Washington St,2121,611691,Exam Preparation and Tutoring,61,Educational Services,2,1 to 9,Grove Hall,POINT (-71.0828 42.3082),,6,4,
2803,2804,42.303725,-71.084711,d'laly's beauty salon,6 Columbia Rd,2121,812112,Beauty Salons,81,Personal Care Services,2,1 to 9,Grove Hall,POINT (-71.084711 42.303725),,6,4,
2805,2806,42.305033,-71.084308,community outreach group,331 Seaver St,2121,0,,99,Undefined,0,Not Available,Grove Hall,POINT (-71.084308 42.305033),,6,4,
2806,2807,42.309778,-71.082094,comeback physical therapy inc,440 Blue Hill Ave,2121,621340,"Offices of Physical, Occupational and Speech Therapists, and Audiologists",62,Healthcare and Social Assistance,4,1 to 9,Grove Hall,POINT (-71.082094 42.309778),,6,4,
2808,2809,42.3082,-71.0828,citywide parents council,21 Deckard St,2121,611710,Educational Support Services,61,Educational Services,4,1 to 9,Grove Hall,POINT (-71.0828 42.3082),,6,4,
2810,2811,42.3082,-71.0828,church of the cosmic revelation,90 Geneva Ave,2121,813110,Religious Organizations,81,Other Services,3,1 to 9,Grove Hall,POINT (-71.0828 42.3082),,6,4,
2818,2819,42.313512,-71.079241,caribbean foundation of boston,317 Blue Hill Ave,2121,624190,Other Individual and Family Services,62,Healthcare and Social Assistance,60,50 to 99,Grove Hall,POINT (-71.079241 42.313512),,6,4,
2821,2822,42.30619,-71.080272,burger king,100 Washington St,2121,722511,Full-Service Restaurants,72,Accommodation and Food Services,44,25 to 49,Grove Hall,POINT (-71.080272 42.30619),,6,4,
2822,2823,42.307069,-71.082074,"brothers supermarket, inc",46 Washington St,2121,445110,Supermarkets and Other Grocery (except Convenience) Stores,44,Retail Trade,2,1 to 9,Grove Hall,POINT (-71.082074 42.307069),,6,4,
2824,2825,42.309727,-71.082169,boston summit corp,438 Blue Hill Ave,2121,0,,99,Undefined,0,Not Available,Grove Hall,POINT (-71.082169 42.309727),,6,4,
2825,2826,42.307076,-71.081091,boston school district,60 Washington St,2121,611110,Elementary and Secondary Schools,61,Educational Services,12,10 to 24,Grove Hall,POINT (-71.081091 42.307076),,6,4,
2826,2827,42.303658,-71.084763,boston checkcashers inc,610 Blue Hill Ave,2121,522320,"Financial Transactions Processing, Reserve, and Clearinghouse Activities",52,Finance and Insurance,10,10 to 24,Grove Hall,POINT (-71.084763 42.303658),,6,4,
2828,2829,42.306408,-71.080399,blue mountain apartments llc,80 Washington St,2121,531110,Lessors of Residential Buildings and Dwellings,53,Real Estate Rental and Leasing,5,1 to 9,Grove Hall,POINT (-71.080399 42.306408),,6,4,
2831,2832,42.312811,-71.079707,blue hill cleaners,336 Blue Hill Ave,2121,812320,Drycleaning and Laundry Services (except Coin-Operated),81,Other Services,2,1 to 9,Grove Hall,POINT (-71.079707 42.312811),,6,4,
2833,2834,42.313512,-71.079241,blue hill ave pharmacy,320 Blue Hill Ave,2121,621330,Offices of Mental Health Practitioners (except Physicians),62,Healthcare and Social Assistance,7,1 to 9,Grove Hall,POINT (-71.079241 42.313512),,6,4,
2838,2839,42.310257,-71.081779,bethlehem healing temple church,428 Blue Hill Ave,2121,813110,Religious Organizations,81,Other Services,2,1 to 9,Grove Hall,POINT (-71.081779 42.310257),,6,4,
2839,2840,42.306286,-71.080284,bds discount,90 Washington St,2121,452210,Department Stores,45,Retail Trade,3,1 to 9,Grove Hall,POINT (-71.080284 42.306286),,6,4,
2840,2841,42.313617,-71.079116,ardi physical therapy,318 Blue Hill Ave,2121,621340,"Offices of Physical, Occupational and Speech Therapists, and Audiologists",62,Healthcare and Social Assistance,4,1 to 9,Grove Hall,POINT (-71.079116 42.313617),,6,4,
2841,2842,42.303902,-71.084594,allen tuxedo,594 Blue Hill Ave,2121,532281,Formal Wear and Costume Rental,53,Real Estate Rental and Leasing,2,1 to 9,Grove Hall,POINT (-71.084594 42.303902),,6,4,
2842,2843,42.303902,-71.084594,allan formal wear,594 Blue Hill Ave,2121,448140,Family Clothing Stores,44,Retail Trade,1,1 to 9,Grove Hall,POINT (-71.084594 42.303902),,6,4,
2843,2844,42.308312,-71.082633,alima's african hair braiding,10 Washington St,2121,812112,Beauty Salons,81,Personal Care Services,3,1 to 9,Grove Hall,POINT (-71.082633 42.308312),,6,4,
2844,2845,42.313512,-71.079241,alima's african hair braiding,320 Blue Hill Ave,2121,812112,Beauty Salons,81,Personal Care Services,3,1 to 9,Grove Hall,POINT (-71.079241 42.313512),,6,4,
2845,2846,42.30809,-71.083172,aischa's african hair braiding,7 Washington St,2121,812112,Beauty Salons,81,Personal Care Services,3,1 to 9,Grove Hall,POINT (-71.083172 42.30809),,6,4,
2846,2847,42.30809,-71.083172,aida dominican style beauty salon,7 Washington St,2121,812112,Beauty Salons,81,Personal Care Services,1,1 to 9,Grove Hall,POINT (-71.083172 42.30809),,6,4,
2851,2852,42.305404,-71.081098,abac inc,102 Columbia Rd,2121,624110,Child and Youth Services,62,Healthcare and Social Assistance,6,1 to 9,Grove Hall,POINT (-71.081098 42.305404),,6,4,
2854,2855,42.308081,-71.08237,2418 club,24 Washington St,2121,813410,Civic and Social Organizations,81,Other Services,5,1 to 9,Grove Hall,POINT (-71.08237 42.308081),,6,4,
2855,2856,42.311327,-71.080831,wings & tingz,388 Blue Hill Ave,2121,722511,Full-Service Restaurants,72,Accommodation and Food Services,8,1 to 9,Grove Hall,POINT (-71.080831 42.311327),,6,4,
2858,2859,42.309511,-71.08231,los almendros restaurant,454 Blue Hill Ave,2121,722511,Full-Service Restaurants,72,Accommodation and Food Services,8,1 to 9,Grove Hall,POINT (-71.08231 42.309511),,6,4,
2859,2860,42.309727,-71.082169,grove hall unisex salon,438 Blue Hill Ave,2121,812112,Beauty Salons,81,Personal Care Services,3,1 to 9,Grove Hall,POINT (-71.082169 42.309727),,6,4,
2860,2861,42.309971,-71.081839,grove hall main st,436 Blue Hill Ave,2121,0,,99,Undefined,0,Not Available,Grove Hall,POINT (-71.081839 42.309971),,6,4,
2861,2862,42.309511,-71.08231,grove hall discount,448 Blue Hill Ave,2121,452210,Department Stores,45,Retail Trade,3,1 to 9,Grove Hall,POINT (-71.08231 42.309511),,6,4,
2862,2863,42.309586,-71.082386,grove hall creamery,444 Blue Hill Ave,2121,722515,Snack and Nonalcoholic Beverage Bars,72,Accommodation and Food Services,4,1 to 9,Grove Hall,POINT (-71.082386 42.309586),,6,4,
2863,2864,42.311327,-71.080831,el dorado restaurant,388 Blue Hill Ave,2121,722511,Full-Service Restaurants,72,Accommodation and Food Services,3,1 to 9,Grove Hall,POINT (-71.080831 42.311327),,6,4,
2866,2867,42.299825,-71.074543,wade bbq,323 Washington St,2121,722511,Full-Service Restaurants,72,Accommodation and Food Services,4,1 to 9,Four Corners,POINT (-71.074543 42.299825),,6,4,
2867,2868,42.303273,-71.078837,vip wireless multi service,5 Erie St,2121,517312,Wireless Telecommunications Carriers (except Satellite),51,Information,2,1 to 9,Four Corners,POINT (-71.078837 42.303273),,6,4,
2868,2869,42.299615,-71.074151,viet aid,335 Washington St,2121,238990,All Other Specialty Trade Contractors,23,Construction,0,Not Available,Four Corners,POINT (-71.074151 42.299615),,6,4,
2869,2870,42.296006,-71.072368,venetian curtain & drapery cleaners,443 Washington St,2124,812320,Drycleaning and Laundry Services (except Coin-Operated),81,Other Services,2,1 to 9,Four Corners,POINT (-71.072368 42.296006),,6,4,
2870,2871,42.305204,-71.080015,velus,116 Washington St,2121,722511,Full-Service Restaurants,72,Accommodation and Food Services,8,1 to 9,Four Corners,POINT (-71.080015 42.305204),,6,4,
2871,2872,42.30334,-71.078781,vaughan fish & chips,1 Erie St,2121,722511,Full-Service Restaurants,72,Accommodation and Food Services,2,1 to 9,Four Corners,POINT (-71.078781 42.30334),,6,4,
2872,2873,42.304401,-71.078975,varela's cleaning service,154 Washington St,2121,561720,Janitorial Services,56,"Adminstrative, Support, Waste Management, and Remediation Services",5,1 to 9,Four Corners,POINT (-71.078975 42.304401),,6,4,
2873,2874,42.304352,-71.079435,vapor smok tech inc,147 Washington St,2121,453991,Tobacco Stores,45,Retail Trade,3,1 to 9,Four Corners,POINT (-71.079435 42.304352),,6,4,
2874,2875,42.301848,-71.076845,urban guild inc,260 Washington St,2121,813319,Other Social Advocacy Organizations,81,Other Services,9,1 to 9,Four Corners,POINT (-71.076845 42.301848),,6,4,
2875,2876,42.295669,-71.072473,ups access point location,451 Washington St,2124,541860,Direct Mail Advertising,54,"Professional, Scientific, and Technical Services",13,10 to 24,Four Corners,POINT (-71.072473 42.295669),,6,4,
2876,2877,42.303307,-71.078809,ups access point location,3 Erie St,2121,541860,Direct Mail Advertising,54,"Professional, Scientific, and Technical Services",0,Not Available,Four Corners,POINT (-71.078809 42.303307),,6,4,
2877,2878,42.296522,-71.072462,united homes for children,433 Washington St,2124,624410,Child Day Care Services,62,Healthcare and Social Assistance,10,10 to 24,Four Corners,POINT (-71.072462 42.296522),,6,4,
2878,2879,42.29958,-71.073644,trincity cuisine,340 Washington St,2121,722511,Full-Service Restaurants,72,Accommodation and Food Services,8,1 to 9,Four Corners,POINT (-71.073644 42.29958),,6,4,
2879,2880,42.298395,-71.073238,the ark of the covenant,373 Washington St,2124,813110,Religious Organizations,81,Other Services,6,1 to 9,Four Corners,POINT (-71.073238 42.298395),,6,4,
2880,2881,42.303826,-71.079177,t & e mini mart,161 Washington St,2121,445120,Convenience Stores,44,Retail Trade,2,1 to 9,Four Corners,POINT (-71.079177 42.303826),,6,4,
2881,2882,42.303826,-71.079177,t & e mini mart,159A Washington St,2121,453998,All Other Miscellaneous Store Retailers (except Tobacco Stores),45,Retail Trade,23,10 to 24,Four Corners,POINT (-71.079177 42.303826),,6,4,
2882,2883,42.302933,-71.077898,symone's beauty salon,200 Washington St,2121,812112,Beauty Salons,81,Personal Care Services,3,1 to 9,Four Corners,POINT (-71.077898 42.302933),,6,4,
2883,2884,42.302903,-71.077971,star fashion,202 Washington St,2121,448140,Family Clothing Stores,44,Retail Trade,3,1 to 9,Four Corners,POINT (-71.077971 42.302903),,6,4,
2884,2885,42.297085,-71.072061,snapchef culinary staffing,420 Washington St,2124,541612,Human Resources Consulting Services,54,"Professional, Scientific, and Technical Services",6,1 to 9,Four Corners,POINT (-71.072061 42.297085),,6,4,
2885,2886,42.305204,-71.080015,sheina jean-marie dmd pc,114 Washington St,2121,621210,Offices of Dentists,62,Healthcare and Social Assistance,5,1 to 9,Four Corners,POINT (-71.080015 42.305204),,6,4,
2886,2887,42.296781,-71.072505,shawmut upholstery,429 Washington St,2124,811420,Reupholstery and Furniture Repair,81,Other Services,1,1 to 9,Four Corners,POINT (-71.072505 42.296781),,6,4,
2887,2888,42.302505,-71.077856,sandmans auto body & repair,210 Washington St,2121,423120,Motor Vehicle Supplies and New Parts Merchant Wholesalers,42,Wholesale Trade,7,1 to 9,Four Corners,POINT (-71.077856 42.302505),,6,4,
2888,2889,42.305204,-71.080015,sage family dental,114 Washington St,2121,621210,Offices of Dentists,62,Healthcare and Social Assistance,5,1 to 9,Four Corners,POINT (-71.080015 42.305204),,6,4,
2889,2890,42.304129,-71.07887,s k b's,156 Washington St,2121,445120,Convenience Stores,44,Retail Trade,3,1 to 9,Four Corners,POINT (-71.07887 42.304129),,6,4,
2890,2891,42.305191,-71.080011,rosely's groceries,120 Washington St,2121,445110,Supermarkets and Other Grocery (except Convenience) Stores,44,Retail Trade,3,1 to 9,Four Corners,POINT (-71.080011 42.305191),,6,4,
2891,2892,42.30048,-71.075619,rodriguez barbershop,293 Washington St,2121,812111,Barber Shops,81,Personal Care Services,3,1 to 9,Four Corners,POINT (-71.075619 42.30048),,6,4,
2892,2893,42.302166,-71.077897,resto meat market,213 Washington St,2121,445210,Meat Markets,44,Retail Trade,2,1 to 9,Four Corners,POINT (-71.077897 42.302166),,6,4,
2893,2894,42.297085,-71.072061,reaching out to cook with kids,420 Washington St,2124,813319,Other Social Advocacy Organizations,81,Other Services,5,1 to 9,Four Corners,POINT (-71.072061 42.297085),,6,4,
2894,2895,42.303273,-71.078837,prada barber shop,5 Erie St,2121,812111,Barber Shops,81,Personal Care Services,2,1 to 9,Four Corners,POINT (-71.078837 42.303273),,6,4,
2895,2896,42.297806,-71.072397,paul sullivan housing trust,394 Washington St,2124,624221,Temporary Shelters,62,Healthcare and Social Assistance,6,1 to 9,Four Corners,POINT (-71.072397 42.297806),,6,4,
2896,2897,42.304654,-71.079849,one stop wireless,145 Washington St,2121,517312,Wireless Telecommunications Carriers (except Satellite),51,Information,2,1 to 9,Four Corners,POINT (-71.079849 42.304654),,6,4,
2897,2898,42.298652,-71.072882,oaa corporation,378 Washington St,2124,511210,Software Publishers,51,Information,5,1 to 9,Four Corners,POINT (-71.072882 42.298652),,6,4,
2898,2899,42.305204,-71.080015,nunez liquors inc,114 Washington St,2121,445310,"Beer, Wine, and Liquor Stores",44,Retail Trade,4,1 to 9,Four Corners,POINT (-71.080015 42.305204),,6,4,
2899,2900,42.303273,-71.078837,nova muilti service,5 Erie St,2121,541990,"All Other Professional, Scientific, and Technical Services",54,"Professional, Scientific, and Technical Services",3,1 to 9,Four Corners,POINT (-71.078837 42.303273),,6,4,
2900,2901,42.301848,-71.076845,new england feild houses llc,260 Washington St,2121,444110,Home Centers,44,Retail Trade,5,1 to 9,Four Corners,POINT (-71.076845 42.301848),,6,4,
2901,2902,42.30439,-71.079575,new bethel apostolic chr-jesus,153 Washington St,2121,813110,Religious Organizations,81,Other Services,3,1 to 9,Four Corners,POINT (-71.079575 42.30439),,6,4,
2902,2903,42.302903,-71.077971,muvy beauty supply,202 Washington St,2121,446120,"Cosmetics, Beauty Supplies, and Perfume Stores",44,Retail Trade,3,1 to 9,Four Corners,POINT (-71.077971 42.302903),,6,4,
2903,2904,42.304384,-71.079598,murl's kitchen,143 Washington St,2121,722511,Full-Service Restaurants,72,Accommodation and Food Services,8,1 to 9,Four Corners,POINT (-71.079598 42.304384),,6,4,
2904,2905,42.302605,-71.07796,muni market,206 Washington St,2121,445110,Supermarkets and Other Grocery (except Convenience) Stores,44,Retail Trade,0,Not Available,Four Corners,POINT (-71.07796 42.302605),,6,4,
2905,2906,42.302933,-71.077898,mudy beauty supply,200 Washington St,2121,446120,"Cosmetics, Beauty Supplies, and Perfume Stores",44,Retail Trade,3,1 to 9,Four Corners,POINT (-71.077898 42.302933),,6,4,
2906,2907,42.299009,-71.073051,montserrat aspirers inc,358 Washington St,2124,624110,Child and Youth Services,62,Healthcare and Social Assistance,7,1 to 9,Four Corners,POINT (-71.073051 42.299009),,6,4,
2907,2908,42.302725,-71.077762,mico hookah smoke shop,204 Washington St,2121,453991,Tobacco Stores,45,Retail Trade,2,1 to 9,Four Corners,POINT (-71.077762 42.302725),,6,4,
2908,2909,42.305204,-71.080015,michelle's nail salon,118 Washington St,2121,812113,Nail Salons,81,Personal Care Services,1,1 to 9,Four Corners,POINT (-71.080015 42.305204),,6,4,
2909,2910,42.296865,-71.071958,mattapan new testament church of god,424 Washington St,2124,813110,Religious Organizations,81,Other Services,2,1 to 9,Four Corners,POINT (-71.071958 42.296865),,6,4,
2910,2911,42.295882,-71.071859,macy's,450 Washington St,2124,452210,Department Stores,45,Retail Trade,0,Not Available,Four Corners,POINT (-71.071859 42.295882),,6,4,
2911,2912,42.299153,-71.073153,lunotte everything,356 Washington St,2124,448140,Family Clothing Stores,44,Retail Trade,3,1 to 9,Four Corners,POINT (-71.073153 42.299153),,6,4,
2912,2913,42.303285,-71.078886,linda's african hair braiding,7 Erie St,2121,812112,Beauty Salons,81,Personal Care Services,1,1 to 9,Four Corners,POINT (-71.078886 42.303285),,6,4,
2913,2914,42.29958,-71.073644,lil vegan wrld,,2121,0,,99,Undefined,0,Not Available,Four Corners,POINT (-71.073644 42.29958),,6,4,
2914,2915,42.300995,-71.076458,light of the world empowerment center,275 Washington St,2121,813110,Religious Organizations,81,Other Services,1,1 to 9,Four Corners,POINT (-71.076458 42.300995),,6,4,
2915,2916,42.302725,-71.077762,liberty chiropractic inc,204 Washington St,2121,621310,Offices of Chiropractors,62,Healthcare and Social Assistance,1,1 to 9,Four Corners,POINT (-71.077762 42.302725),,6,4,
2916,2917,42.303826,-71.079177,jinix hair village,159B Washington St,2121,812112,Beauty Salons,81,Personal Care Services,3,1 to 9,Four Corners,POINT (-71.079177 42.303826),,6,4,
2917,2918,42.304129,-71.07887,j & b beauty salon,156 Washington St,2121,812112,Beauty Salons,81,Personal Care Services,3,1 to 9,Four Corners,POINT (-71.07887 42.304129),,6,4,
2918,2919,42.303285,-71.078886,island style,183 Washington St,2121,722511,Full-Service Restaurants,72,Accommodation and Food Services,4,1 to 9,Four Corners,POINT (-71.078886 42.303285),,6,4,
2919,2920,42.29958,-71.073644,in & out jamaican restaurant,105 Bowdoin Ave,2121,722511,Full-Service Restaurants,72,Accommodation and Food Services,8,1 to 9,Four Corners,POINT (-71.073644 42.29958),,6,4,
2920,2921,42.295882,-71.071859,healthworks community fitness,450 Washington St,2124,713940,Fitness and Recreational Sports Centers,71,"Arts, Entertainment, and Recreation",7,1 to 9,Four Corners,POINT (-71.071859 42.295882),,6,4,
2921,2922,42.297085,-71.072061,health center for community,420 Washington St,2124,624190,Other Individual and Family Services,62,Healthcare and Social Assistance,9,1 to 9,Four Corners,POINT (-71.072061 42.297085),,6,4,
2922,2923,42.304367,-71.079529,happy nails,149 Washington St,2121,812112,Beauty Salons,81,Personal Care Services,3,1 to 9,Four Corners,POINT (-71.079529 42.304367),,6,4,
2923,2924,42.304698,-71.079342,h l organizing solutions inc,142 Washington St,2121,541618,Other Management Consulting Services,54,"Professional, Scientific, and Technical Services",7,1 to 9,Four Corners,POINT (-71.079342 42.304698),,6,4,
2924,2925,42.298652,-71.072882,greenwood shalom tutoring zone & summer enrichment,378 Washington St,2124,611691,Exam Preparation and Tutoring,61,Educational Services,12,10 to 24,Four Corners,POINT (-71.072882 42.298652),,6,4,
2925,2926,42.298652,-71.072882,greenwood memorial united methodist church,378A Washington St,2124,813110,Religious Organizations,81,Other Services,4,1 to 9,Four Corners,POINT (-71.072882 42.298652),,6,4,
2926,2927,42.295669,-71.072473,grace church of all nations,451 Washington St,2124,813110,Religious Organizations,81,Other Services,2,1 to 9,Four Corners,POINT (-71.072473 42.295669),,6,4,
2927,2928,42.30048,-71.075619,gomez gas,285 Washington St,2121,447190,Other Gasoline Stations,44,Retail Trade,3,1 to 9,Four Corners,POINT (-71.075619 42.30048),,6,4,
2928,2929,42.304384,-71.079598,garifuna cafe's,143 Washington St,2121,722511,Full-Service Restaurants,72,Accommodation and Food Services,8,1 to 9,Four Corners,POINT (-71.079598 42.304384),,6,4,
2929,2930,42.298693,-71.073436,fourcorners,367 Washington St,2124,813319,Other Social Advocacy Organizations,81,Other Services,7,1 to 9,Four Corners,POINT (-71.073436 42.298693),,6,4,
2930,2931,42.299014,-71.073644,four corners recycling corp,355 Washington St,2124,423930,Recyclable Material Merchant Wholesalers,42,Wholesale Trade,4,1 to 9,Four Corners,POINT (-71.073644 42.299014),,6,4,
2931,2932,42.299414,-71.073984,four corners beepers,345 Washington St,2121,522291,Consumer Lending,52,Finance and Insurance,2,1 to 9,Four Corners,POINT (-71.073984 42.299414),,6,4,
2932,2933,42.298693,-71.073436,four corners action coalition,367 Washington St,2124,624190,Other Individual and Family Services,62,Healthcare and Social Assistance,7,1 to 9,Four Corners,POINT (-71.073436 42.298693),,6,4,
2933,2934,42.30376,-71.078423,exclusive barber shop,184 Washington St,2121,812111,Barber Shops,81,Personal Care Services,2,1 to 9,Four Corners,POINT (-71.078423 42.30376),,6,4,
2934,2935,42.299389,-71.073051,emz rainbow laundromat,9 Bowdoin St,2124,812310,Coin-Operated Laundries and Drycleaners,81,Other Services,1,1 to 9,Four Corners,POINT (-71.073051 42.299389),,6,4,
2935,2936,42.298652,-71.072882,empower brazilian jiu jitsu,374 Washington St,2124,611620,Sports and Recreation Instruction,61,Educational Services,2,1 to 9,Four Corners,POINT (-71.072882 42.298652),,6,4,
2936,2937,42.297216,-71.072733,ella j baker house,411 Washington St,2124,0,,99,Undefined,0,Not Available,Four Corners,POINT (-71.072733 42.297216),,6,4,
2937,2938,42.29958,-71.073644,elite steel inc,105 Bowdoin Ave,2121,332312,Fabricated Structural Metal Manufacturing,33,Manufacturing,2,1 to 9,Four Corners,POINT (-71.073644 42.29958),,6,4,
2938,2939,42.305204,-71.080015,dunbar enterprises inc,116 Washington St,2121,722310,Food Service Contractors,72,Accommodation and Food Services,45,25 to 49,Four Corners,POINT (-71.080015 42.305204),,6,4,
2939,2940,42.297085,-71.072061,dtc enterprises inc,420 Washington St,2124,561311,Employment Placement Agencies,56,"Adminstrative, Support, Waste Management, and Remediation Services",9,1 to 9,Four Corners,POINT (-71.072061 42.297085),,6,4,
2940,2941,42.299642,-71.073321,down home delivery & catering,2 Bowdoin St,2124,722513,Limited-Service Restaurants,72,Accommodation and Food Services,5,1 to 9,Four Corners,POINT (-71.073321 42.299642),,6,4,
2941,2942,42.299642,-71.073321,down home delivery,2 Bowdoin St,2124,454390,Other Direct Selling Establishments,45,Retail Trade,2,1 to 9,Four Corners,POINT (-71.073321 42.299642),,6,4,
2942,2943,42.303228,-71.07889,diallo's halal meat & grocery,11 Erie St,2121,445210,Meat Markets,44,Retail Trade,1,1 to 9,Four Corners,POINT (-71.07889 42.303228),,6,4,
2943,2944,42.299825,-71.074543,danny's hair salon,323 Washington St,2121,812112,Beauty Salons,81,Personal Care Services,3,1 to 9,Four Corners,POINT (-71.074543 42.299825),,6,4,
2944,2945,42.295882,-71.071859,daily table,450 Washington St,2124,445110,Supermarkets and Other Grocery (except Convenience) Stores,44,Retail Trade,2,1 to 9,Four Corners,POINT (-71.071859 42.295882),,6,4,
2945,2946,42.300494,-71.074605,d a bean inc,306 Washington St,2121,813319,Other Social Advocacy Organizations,81,Other Services,9,1 to 9,Four Corners,POINT (-71.074605 42.300494),,6,4,
2946,2947,42.295669,-71.072473,cvs pharmacy,451 Washington St,2124,446110,Pharmacies and Drug Stores,44,Retail Trade,14,10 to 24,Four Corners,POINT (-71.072473 42.295669),,6,4,
2947,2948,42.299414,-71.073984,communications center inc,345 Washington St,2121,443142,Electronics Stores,44,Retail Trade,2,1 to 9,Four Corners,POINT (-71.073984 42.299414),,6,4,
2948,2949,42.300751,-71.076843,"columbus auto body, inc",267 Washington St,2121,811111,General Automotive Repair,81,Other Services,3,1 to 9,Four Corners,POINT (-71.076843 42.300751),,6,4,
2949,2950,42.296006,-71.072368,city smoke,443 Washington St,2124,453991,Tobacco Stores,45,Retail Trade,2,1 to 9,Four Corners,POINT (-71.072368 42.296006),,6,4,
2950,2951,42.297216,-71.072733,churches pentecostal,411 Washington St,2124,721191,Bed-and-Breakfast Inns,72,Accommodation and Food Services,4,1 to 9,Four Corners,POINT (-71.072733 42.297216),,6,4,
2951,2952,42.299288,-71.073757,church of god bethel of boston,347 Washington St,2124,813110,Religious Organizations,81,Other Services,8,1 to 9,Four Corners,POINT (-71.073757 42.299288),,6,4,
2952,2953,42.302903,-71.077971,christ church international,202 Washington St,2121,813110,Religious Organizations,81,Other Services,3,1 to 9,Four Corners,POINT (-71.077971 42.302903),,6,4,
2953,2954,42.304654,-71.079849,celebrity cuts barber shop,145 Washington St,2121,812111,Barber Shops,81,Personal Care Services,2,1 to 9,Four Corners,POINT (-71.079849 42.304654),,6,4,
2954,2955,42.304654,-71.079849,carlisle boutique,145 Washington St,2121,448190,Other Clothing Stores,44,Retail Trade,1,1 to 9,Four Corners,POINT (-71.079849 42.304654),,6,4,
2955,2956,42.303949,-71.079565,carbbean art gallery,155 Washington St,2121,453920,Art Dealers,45,Retail Trade,3,1 to 9,Four Corners,POINT (-71.079565 42.303949),,6,4,
2956,2957,42.303307,-71.078809,botanica 21 division,3 Erie St,2121,0,,99,Undefined,0,Not Available,Four Corners,POINT (-71.078809 42.303307),,6,4,
2957,2958,42.299414,-71.073984,boston tech multiservice,345 Washington St,2121,517312,Wireless Telecommunications Carriers (except Satellite),51,Information,2,1 to 9,Four Corners,POINT (-71.073984 42.299414),,6,4,
2958,2959,42.298968,-71.073963,boston re store,10 Harvard St,2124,444110,Home Centers,44,Retail Trade,1,1 to 9,Four Corners,POINT (-71.073963 42.298968),,6,4,
2959,2960,42.296697,-71.071976,bartlett notary,428 Washington St,2124,541120,Offices of Notaries,54,"Professional, Scientific, and Technical Services",5,1 to 9,Four Corners,POINT (-71.071976 42.296697),,6,4,
2960,2961,42.30376,-71.078423,arias wireless,184 Washington St,2121,517312,Wireless Telecommunications Carriers (except Satellite),51,Information,2,1 to 9,Four Corners,POINT (-71.078423 42.30376),,6,4,
2961,2962,42.301223,-71.076054,alpha building construction,272 Washington St,2121,236115,New Single-Family Housing Construction (except For-Sale Builders),23,Construction,5,1 to 9,Four Corners,POINT (-71.076054 42.301223),,6,4,
2962,2963,42.303285,-71.078886,african hair braiding,7 Erie St,2121,812112,Beauty Salons,81,Personal Care Services,3,1 to 9,Four Corners,POINT (-71.078886 42.303285),,6,4,
2963,2964,42.298693,-71.073436,action for equity inc,367 Washington St,2124,813319,Other Social Advocacy Organizations,81,Other Services,9,1 to 9,Four Corners,POINT (-71.073436 42.298693),,6,4,
2964,2965,42.30439,-71.079575,aaaa si store fixture co,153 Washington St,2121,423440,Other Commercial Equipment Merchant Wholesalers,42,Wholesale Trade,5,1 to 9,Four Corners,POINT (-71.079575 42.30439),,6,4,
2965,2966,42.303394,-71.078773,aaa grocery corp,181 Washington St,2121,445110,Supermarkets and Other Grocery (except Convenience) Stores,44,Retail Trade,2,1 to 9,Four Corners,POINT (-71.078773 42.303394),,6,4,
2966,2967,42.299669,-71.0737,4 corners yoga + wellness,336 Washington St,2121,611699,All Other Miscellaneous Schools and Instruction,61,Educational Services,1,1 to 9,Four Corners,POINT (-71.0737 42.299669),,6,4,
2967,2968,42.299414,-71.073984,4 corners market,345 Washington St,2121,445110,Supermarkets and Other Grocery (except Convenience) Stores,44,Retail Trade,2,1 to 9,Four Corners,POINT (-71.073984 42.299414),,6,4,
2968,2969,42.303307,-71.078809,21 division,3 Erie St,2121,813110,Religious Organizations,81,Other Services,3,1 to 9,Four Corners,POINT (-71.078809 42.303307),,6,4,
2969,2970,42.303285,-71.078886,santo domingo restaurant,179 Washington St,2121,722511,Full-Service Restaurants,72,Accommodation and Food Services,8,1 to 9,Four Corners,POINT (-71.078886 42.303285),,6,4,
2970,2971,42.299825,-71.074543,levi's restaurant restaurant west indian,323 Washington St,2121,722511,Full-Service Restaurants,72,Accommodation and Food Services,8,1 to 9,Four Corners,POINT (-71.074543 42.299825),,6,4,
2973,2974,42.302126,-71.068942,xclusive trenz,358 Geneva Ave,2122,453998,All Other Miscellaneous Store Retailers (except Tobacco Stores),45,Retail Trade,23,10 to 24,Bowdoin/Geneva,POINT (-71.068942 42.302126),,6,4,
2974,2975,42.305517,-71.06755,western union agent location,217 Bowdoin St,2122,522320,"Financial Transactions Processing, Reserve, and Clearinghouse Activities",52,Finance and Insurance,3,1 to 9,Bowdoin/Geneva,POINT (-71.06755 42.305517),,6,4,
2977,2978,42.29999,-71.066,universal salon,451 Geneva Ave,2122,812112,Beauty Salons,81,Personal Care Services,2,1 to 9,Bowdoin/Geneva,POINT (-71.066 42.29999),,6,4,
2978,2979,42.30619,-71.067364,universal church of god in christ,242 Bowdoin St,2122,813110,Religious Organizations,81,Other Services,2,1 to 9,Bowdoin/Geneva,POINT (-71.067364 42.30619),,6,4,
2979,2980,42.303853,-71.070887,twenty one plus smoke shop inc,144 Bowdoin St,2122,453991,Tobacco Stores,45,Retail Trade,2,1 to 9,Bowdoin/Geneva,POINT (-71.070887 42.303853),,6,4,
2990,2991,42.305012,-71.068214,salvation christian center,197 Bowdoin St,2122,813110,Religious Organizations,81,Other Services,2,1 to 9,Bowdoin/Geneva,POINT (-71.068214 42.305012),,6,4,
2997,2998,42.299259,-71.064697,ramirez grocery,481 Geneva Ave,2122,452319,All Other General Merchandise Stores,45,Retail Trade,4,1 to 9,Bowdoin/Geneva,POINT (-71.064697 42.299259),,6,4,
2999,3000,42.305658,-71.067462,pollo lounge & grill,225 Bowdoin St,2122,722511,Full-Service Restaurants,72,Accommodation and Food Services,25,25 to 49,Bowdoin/Geneva,POINT (-71.067462 42.305658),,6,4,
3003,3004,42.301373,-71.067754,papa renos pizza,394 Geneva Ave,2122,722511,Full-Service Restaurants,72,Accommodation and Food Services,2,1 to 9,Bowdoin/Geneva,POINT (-71.067754 42.301373),,6,4,
3007,3008,42.305517,-71.06755,nelson,213 Bowdoin St,2122,0,,99,Undefined,0,Not Available,Bowdoin/Geneva,POINT (-71.06755 42.305517),,6,4,
3009,3010,42.305751,-71.067162,mooney cleaners,233 Bowdoin St,2122,812320,Drycleaning and Laundry Services (except Coin-Operated),81,Other Services,4,1 to 9,Bowdoin/Geneva,POINT (-71.067162 42.305751),,6,4,
3013,3014,42.305658,-71.067462,miguel santana llc,225 Bowdoin St,2122,452319,All Other General Merchandise Stores,45,Retail Trade,0,Not Available,Bowdoin/Geneva,POINT (-71.067462 42.305658),,6,4,
3014,3015,42.303547,-71.071984,"michael jojo cab, inc",303 Geneva Ave,2121,485310,Taxi Service,48,Transportation and Warehosuing,12,10 to 24,Bowdoin/Geneva,POINT (-71.071984 42.303547),,6,4,
3015,3016,42.305455,-71.068368,metro by t-mobile-authorized retailer,214 Bowdoin St,2122,517312,Wireless Telecommunications Carriers (except Satellite),51,Information,3,1 to 9,Bowdoin/Geneva,POINT (-71.068368 42.305455),,6,4,
3016,3017,42.305455,-71.068368,meris beauty salon,214 Bowdoin St,2122,812112,Beauty Salons,81,Personal Care Services,3,1 to 9,Bowdoin/Geneva,POINT (-71.068368 42.305455),,6,4,
3017,3018,42.305517,-71.06755,maymom liquors,213 Bowdoin St,2122,445310,"Beer, Wine, and Liquor Stores",44,Retail Trade,3,1 to 9,Bowdoin/Geneva,POINT (-71.06755 42.305517),,6,4,
3021,3022,42.305325,-71.067853,les fils de la veuve no18 inc,211 Bowdoin St,2122,0,,99,Undefined,0,Not Available,Bowdoin/Geneva,POINT (-71.067853 42.305325),,6,4,
3024,3025,42.305751,-71.067162,landmark coin-op laundry,229 Bowdoin St,2122,812310,Coin-Operated Laundries and Drycleaners,81,Other Services,2,1 to 9,Bowdoin/Geneva,POINT (-71.067162 42.305751),,6,4,
3025,3026,42.303853,-71.070887,la barberia,144 Bowdoin St,2122,812111,Barber Shops,81,Personal Care Services,2,1 to 9,Bowdoin/Geneva,POINT (-71.070887 42.303853),,6,4,
3026,3027,42.302126,-71.068942,kinsale construction,358 Geneva Ave,2122,236115,New Single-Family Housing Construction (except For-Sale Builders),23,Construction,5,1 to 9,Bowdoin/Geneva,POINT (-71.068942 42.302126),,6,4,
3031,3032,42.305325,-71.067853,jml transportaton inc,211 Bowdoin St,2122,485999,All Other Transit and Ground Passenger Transportation,48,Transportation and Warehosuing,9,1 to 9,Bowdoin/Geneva,POINT (-71.067853 42.305325),,6,4,
3034,3035,42.305972,-71.066984,hawa's african hair braiding,243 Bowdoin St,2122,313220,Narrow Fabric Mills and Schiffli Machine Embroidery,31,Manufacturing,1,1 to 9,Bowdoin/Geneva,POINT (-71.066984 42.305972),,6,4,
3035,3036,42.306182,-71.067364,hamilton pharmacy llc,246 Bowdoin St,2122,446110,Pharmacies and Drug Stores,44,Retail Trade,7,1 to 9,Bowdoin/Geneva,POINT (-71.067364 42.306182),,6,4,
3038,3039,42.303116,-71.071152,geneva news,315 Geneva Ave,2122,511110,Newspaper Publishers,51,Information,4,1 to 9,Bowdoin/Geneva,POINT (-71.071152 42.303116),,6,4,
3039,3040,42.301053,-71.067751,geneva maytag,403 Geneva Ave,2122,812310,Coin-Operated Laundries and Drycleaners,81,Other Services,2,1 to 9,Bowdoin/Geneva,POINT (-71.067751 42.301053),,6,4,
3040,3041,42.301303,-71.068184,geneva grocery,385 Geneva Ave,2122,445110,Supermarkets and Other Grocery (except Convenience) Stores,44,Retail Trade,2,1 to 9,Bowdoin/Geneva,POINT (-71.068184 42.301303),,6,4,
3047,3048,42.303853,-71.070887,f m financial service inc,144 Bowdoin St,2122,523930,Investment Advice,52,Finance and Insurance,9,1 to 9,Bowdoin/Geneva,POINT (-71.070887 42.303853),,6,4,
3048,3049,42.305517,-71.06755,ena liquors inc,213 Bowdoin St,2122,445310,"Beer, Wine, and Liquor Stores",44,Retail Trade,4,1 to 9,Bowdoin/Geneva,POINT (-71.06755 42.305517),,6,4,
3049,3050,42.303547,-71.071984,"emma jane cab, inc",303 Geneva Ave,2121,485310,Taxi Service,48,Transportation and Warehosuing,12,10 to 24,Bowdoin/Geneva,POINT (-71.071984 42.303547),,6,4,
3050,3051,42.304658,-71.068897,elier barber shop,189 Bowdoin St,2122,812111,Barber Shops,81,Personal Care Services,2,1 to 9,Bowdoin/Geneva,POINT (-71.068897 42.304658),,6,4,
3052,3053,42.306054,-71.066954,eastern service workers association,247 Bowdoin St,2122,813910,Business Associations,81,Other Services,6,1 to 9,Bowdoin/Geneva,POINT (-71.066954 42.306054),,6,4,
3054,3055,42.304527,-71.069055,depina's unisex salon,185 Bowdoin St,2122,812112,Beauty Salons,81,Personal Care Services,4,1 to 9,Bowdoin/Geneva,POINT (-71.069055 42.304527),,6,4,
3055,3056,42.305972,-71.066984,de amigo barber shop,243 Bowdoin St,2122,812111,Barber Shops,81,Personal Care Services,2,1 to 9,Bowdoin/Geneva,POINT (-71.066984 42.305972),,6,4,
3057,3058,42.305905,-71.067089,cruz market,237 Bowdoin St,2122,445120,Convenience Stores,44,Retail Trade,2,1 to 9,Bowdoin/Geneva,POINT (-71.067089 42.305905),,6,4,
3060,3061,42.30313,-71.071264,computers for all dorchester,311 Geneva Ave,2122,811212,Computer and Office Machine Repair and Maintenance,81,Other Services,2,1 to 9,Bowdoin/Geneva,POINT (-71.071264 42.30313),,6,4,
3063,3064,42.305072,-71.068131,chung wah,199 Bowdoin St,2122,722511,Full-Service Restaurants,72,Accommodation and Food Services,4,1 to 9,Bowdoin/Geneva,POINT (-71.068131 42.305072),,6,4,
3069,3070,42.305877,-71.067828,bowdoin street health ceneter,230 Bowdoin St,2122,621493,Freestanding Ambulatory Surgical and Emergency Centers,62,Healthcare and Social Assistance,70,50 to 99,Bowdoin/Geneva,POINT (-71.067828 42.305877),,6,4,
3072,3073,42.305601,-71.067287,boost mobile premier,227 Bowdoin St,2122,517312,Wireless Telecommunications Carriers (except Satellite),51,Information,2,1 to 9,Bowdoin/Geneva,POINT (-71.067287 42.305601),,6,4,
3074,3075,42.299574,-71.065412,bloomfield gardens lp,455 Geneva Ave,2122,531210,Offices of Real Estate Agents and Brokers,53,Real Estate Rental and Leasing,4,1 to 9,Bowdoin/Geneva,POINT (-71.065412 42.299574),,6,4,
3075,3076,42.305877,-71.067828,bidmc,230 Bowdoin St,2122,621493,Freestanding Ambulatory Surgical and Emergency Centers,62,Healthcare and Social Assistance,20,10 to 24,Bowdoin/Geneva,POINT (-71.067828 42.305877),,6,4,
3076,3077,42.305877,-71.067828,"beth israel lahey health pharmacy, inc",230 Bowdoin St,2122,446110,Pharmacies and Drug Stores,44,Retail Trade,4,1 to 9,Bowdoin/Geneva,POINT (-71.067828 42.305877),,6,4,
3077,3078,42.305455,-71.068368,bendiciones wireless,214 Bowdoin St,2122,517312,Wireless Telecommunications Carriers (except Satellite),51,Information,2,1 to 9,Bowdoin/Geneva,POINT (-71.068368 42.305455),,6,4,
3078,3079,42.305072,-71.068131,ars heating & air conditioning service,199 Bowdoin St,2122,238220,"Plumbing, Heating, and Air-Conditioning Contractors",23,Construction,7,1 to 9,Bowdoin/Geneva,POINT (-71.068131 42.305072),,6,4,
3079,3080,42.299259,-71.064702,amparos multiservice,485 Geneva Ave,2122,541990,"All Other Professional, Scientific, and Technical Services",54,"Professional, Scientific, and Technical Services",3,1 to 9,Bowdoin/Geneva,POINT (-71.064702 42.299259),,6,4,
3080,3081,42.303547,-71.071984,alam enterprise inc,303 Geneva Ave,2121,813319,Other Social Advocacy Organizations,81,Other Services,9,1 to 9,Bowdoin/Geneva,POINT (-71.071984 42.303547),,6,4,
3081,3082,42.301067,-71.067757,african best braid,397 Geneva Ave,2122,812112,Beauty Salons,81,Personal Care Services,1,1 to 9,Bowdoin/Geneva,POINT (-71.067757 42.301067),,6,4,
3083,3084,42.305972,-71.066984,a & k services inc,243 Bowdoin St,2122,561910,Packaging and Labeling Services,56,"Adminstrative, Support, Waste Management, and Remediation Services",4,1 to 9,Bowdoin/Geneva,POINT (-71.066984 42.305972),,6,4,
3290,3291,42.299099,-71.062035,western union agent location,508 Geneva Ave,2122,522320,"Financial Transactions Processing, Reserve, and Clearinghouse Activities",52,Finance and Insurance,5,1 to 9,Fields Corner,POINT (-71.062035 42.299099),,6,4,
3296,3297,42.297668,-71.060636,vision ink,1558 Dorchester Ave,2122,812199,Other Personal Care Services,81,Other Services,3,1 to 9,Fields Corner,POINT (-71.060636 42.297668),,6,4,
3301,3302,42.297668,-71.060636,viet travel & financial group,1548 Dorchester Ave,2122,523930,Investment Advice,52,Finance and Insurance,9,1 to 9,Fields Corner,POINT (-71.060636 42.297668),,6,4,
3304,3305,42.299525,-71.06056,valente insurance,1497 Dorchester Ave,2122,524210,Insurance Agencies and Brokerages,52,Finance and Insurance,4,1 to 9,Fields Corner,POINT (-71.06056 42.299525),,6,4,
3306,3307,42.297668,-71.060636,ut nguyen,1558 Dorchester Ave,2122,541110,Offices of Lawyers,54,"Professional, Scientific, and Technical Services",4,1 to 9,Fields Corner,POINT (-71.060636 42.297668),,6,4,
3310,3311,42.29987,-71.060014,unlimited pcs,1492 Dorchester Ave,2122,517312,Wireless Telecommunications Carriers (except Satellite),51,Information,3,1 to 9,Fields Corner,POINT (-71.060014 42.29987),,6,4,
3314,3315,42.299249,-71.060261,tri seafood market corp,1504B Dorchester Ave,2122,445220,Fish and Seafood Markets,44,Retail Trade,3,1 to 9,Fields Corner,POINT (-71.060261 42.299249),,6,4,
3316,3317,42.299566,-71.060052,transitions of boston club house,1500 Dorchester Ave,2122,624190,Other Individual and Family Services,62,Healthcare and Social Assistance,5,1 to 9,Fields Corner,POINT (-71.060052 42.299566),,6,4,
3317,3318,42.300081,-71.059915,tran insurance agency llc,1480A Dorchester Ave,2122,524210,Insurance Agencies and Brokerages,52,Finance and Insurance,1,1 to 9,Fields Corner,POINT (-71.059915 42.300081),,6,4,
3320,3321,42.298018,-71.060603,the corner nail,1540 Dorchester Ave,2122,812113,Nail Salons,81,Personal Care Services,1,1 to 9,Fields Corner,POINT (-71.060603 42.298018),,6,4,
3323,3324,42.29935,-71.061174,thang long newspaper,18 Faulkner St,2122,511110,Newspaper Publishers,51,Information,8,1 to 9,Fields Corner,POINT (-71.061174 42.29935),,6,4,
3327,3328,42.298881,-71.062183,target,500 Geneva Ave,2122,452210,Department Stores,45,Retail Trade,0,Not Available,Fields Corner,POINT (-71.062183 42.298881),,6,4,
3328,3329,42.297668,-71.060636,tam's asian arts,1558 Dorchester Ave,2122,712110,Museums,71,"Arts, Entertainment, and Recreation",3,1 to 9,Fields Corner,POINT (-71.060636 42.297668),,6,4,
3329,3330,42.299651,-71.060524,t-mobile,1493 Dorchester Ave,2122,517312,Wireless Telecommunications Carriers (except Satellite),51,Information,4,1 to 9,Fields Corner,POINT (-71.060524 42.299651),,6,4,
3331,3332,42.297668,-71.060636,synergy rehab & physical therapy inc,1558 Dorchester Ave,2122,621340,"Offices of Physical, Occupational and Speech Therapists, and Audiologists",62,Healthcare and Social Assistance,4,1 to 9,Fields Corner,POINT (-71.060636 42.297668),,6,4,
3332,3333,42.298881,-71.062183,supreme liquors-fields station,500 Geneva Ave,2122,445310,"Beer, Wine, and Liquor Stores",44,Retail Trade,4,1 to 9,Fields Corner,POINT (-71.062183 42.298881),,6,4,
3333,3334,42.296989,-71.060642,subway,1576 Dorchester Ave,2122,722511,Full-Service Restaurants,72,Accommodation and Food Services,4,1 to 9,Fields Corner,POINT (-71.060642 42.296989),,6,4,
3335,3336,42.299885,-71.060491,stepupradio105.com,1485 Dorchester Ave,2122,541890,Other Services Related to Advertising,54,"Professional, Scientific, and Technical Services",19,10 to 24,Fields Corner,POINT (-71.060491 42.299885),,6,4,
3340,3341,42.29987,-71.060014,secret bureau of art design,1486 Dorchester Ave,2122,541430,Graphic Design Services,54,"Professional, Scientific, and Technical Services",1,1 to 9,Fields Corner,POINT (-71.060014 42.29987),,6,4,
3346,3347,42.297313,-71.060816,rosa's liquors,1568 Dorchester Ave,2122,445310,"Beer, Wine, and Liquor Stores",44,Retail Trade,5,1 to 9,Fields Corner,POINT (-71.060816 42.297313),,6,4,
3347,3348,42.296989,-71.060642,rkw convenience corp,1576 Dorchester Ave,2122,445120,Convenience Stores,44,Retail Trade,2,1 to 9,Fields Corner,POINT (-71.060642 42.296989),,6,4,
3350,3351,42.299921,-71.060075,r w runway hair,1488 Dorchester Ave,2122,812112,Beauty Salons,81,Personal Care Services,3,1 to 9,Fields Corner,POINT (-71.060075 42.299921),,6,4,
3351,3352,42.299885,-71.060491,professional consulting supervisory services llc,1485 Dorchester Ave,2122,624190,Other Individual and Family Services,62,Healthcare and Social Assistance,8,1 to 9,Fields Corner,POINT (-71.060491 42.299885),,6,4,
3353,3354,42.298881,-71.062183,price rite marketplace,500 Geneva Ave,2122,445110,Supermarkets and Other Grocery (except Convenience) Stores,44,Retail Trade,2,1 to 9,Fields Corner,POINT (-71.062183 42.298881),,6,4,
3354,3355,42.299099,-71.062035,pls financial,508 Geneva Ave,2122,523930,Investment Advice,52,Finance and Insurance,2,1 to 9,Fields Corner,POINT (-71.062035 42.299099),,6,4,
3355,3356,42.299099,-71.062035,pls check cashers,508 Geneva Ave,2122,522320,"Financial Transactions Processing, Reserve, and Clearinghouse Activities",52,Finance and Insurance,4,1 to 9,Fields Corner,POINT (-71.062035 42.299099),,6,4,
3362,3363,42.297668,-71.060636,pham law pc,1548 Dorchester Ave,2122,541110,Offices of Lawyers,54,"Professional, Scientific, and Technical Services",4,1 to 9,Fields Corner,POINT (-71.060636 42.297668),,6,4,
3366,3367,42.297468,-71.060763,parkview inn,1564 Dorchester Ave,2122,531110,Lessors of Residential Buildings and Dwellings,53,Real Estate Rental and Leasing,1,1 to 9,Fields Corner,POINT (-71.060763 42.297468),,6,4,
3375,3376,42.299997,-71.060432,my sister's crawfish iii inc,1487 Dorchester Ave,2122,445220,Fish and Seafood Markets,44,Retail Trade,3,1 to 9,Fields Corner,POINT (-71.060432 42.299997),,6,4,
3383,3384,42.29987,-71.060014,metro by t-mobile-authorized retailer,1492 Dorchester Ave,2122,517312,Wireless Telecommunications Carriers (except Satellite),51,Information,2,1 to 9,Fields Corner,POINT (-71.060014 42.29987),,6,4,
3384,3385,42.299236,-71.060883,mcdonald's,1513 Dorchester Ave,2122,722511,Full-Service Restaurants,72,Accommodation and Food Services,29,25 to 49,Fields Corner,POINT (-71.060883 42.299236),,6,4,
3387,3388,42.298305,-71.060465,masscosh,1532 Dorchester Ave,2122,926150,"Regulation, Licensing, and Inspection of Miscellaneous Commercial Sectors",92,Public Administration,10,10 to 24,Fields Corner,POINT (-71.060465 42.298305),,6,4,
3390,3391,42.298305,-71.060465,"mass coalition for occupation safety & hlth, inc",1532B Dorchester Ave,2122,926150,"Regulation, Licensing, and Inspection of Miscellaneous Commercial Sectors",92,Public Administration,10,10 to 24,Fields Corner,POINT (-71.060465 42.298305),,6,4,
3392,3393,42.299118,-71.060189,magic wok,1512A Dorchester Ave,2122,722511,Full-Service Restaurants,72,Accommodation and Food Services,3,1 to 9,Fields Corner,POINT (-71.060189 42.299118),,6,4,
3393,3394,42.298881,-71.062183,madrag,520 Geneva Ave,2122,0,,99,Undefined,0,Not Available,Fields Corner,POINT (-71.062183 42.298881),,6,4,
3397,3398,42.298305,-71.060465,lxc engineering group llc,1532B Dorchester Ave,2122,0,,99,Undefined,12,10 to 24,Fields Corner,POINT (-71.060465 42.298305),,6,4,
3401,3402,42.298452,-71.060278,liberty tax service,1526 Dorchester Ave,2122,541213,Tax Preparation Services,54,"Professional, Scientific, and Technical Services",6,1 to 9,Fields Corner,POINT (-71.060278 42.298452),,6,4,
3404,3405,42.299885,-71.060491,landmark unlimited realty,1491 Dorchester Ave,2122,531210,Offices of Real Estate Agents and Brokers,53,Real Estate Rental and Leasing,5,1 to 9,Fields Corner,POINT (-71.060491 42.299885),,6,4,
3405,3406,42.297796,-71.060602,laced by hollywood,1544 Dorchester Ave,2122,453998,All Other Miscellaneous Store Retailers (except Tobacco Stores),45,Retail Trade,1,1 to 9,Fields Corner,POINT (-71.060602 42.297796),,6,4,
3406,3407,42.298452,-71.060278,la martine beauty supply inc,1530 Dorchester Ave,2122,446120,"Cosmetics, Beauty Supplies, and Perfume Stores",44,Retail Trade,5,1 to 9,Fields Corner,POINT (-71.060278 42.298452),,6,4,
3407,3408,42.299885,-71.060491,l a counseling,1485 Dorchester Ave,2122,624190,Other Individual and Family Services,62,Healthcare and Social Assistance,8,1 to 9,Fields Corner,POINT (-71.060491 42.299885),,6,4,
3408,3409,42.299565,-71.060347,kit clark senior services,1500 Dorchester Ave,2122,623312,Assisted Living Facilities for the Elderly,62,Healthcare and Social Assistance,40,25 to 49,Fields Corner,POINT (-71.060347 42.299565),,6,4,
3411,3412,42.299885,-71.060491,kim's flower shop,1491 Dorchester Ave,2122,453110,Florists,45,Retail Trade,3,1 to 9,Fields Corner,POINT (-71.060491 42.299885),,6,4,
3414,3415,42.299118,-71.060189,just thai,1512 Dorchester Ave,2122,722511,Full-Service Restaurants,72,Accommodation and Food Services,0,Not Available,Fields Corner,POINT (-71.060189 42.299118),,6,4,
3417,3418,42.299566,-71.060052,intercity home care inc,1500 Dorchester Ave,2122,621610,Home Health Care Services,62,Healthcare and Social Assistance,5,1 to 9,Fields Corner,POINT (-71.060052 42.299566),,6,4,
3419,3420,42.298881,-71.062183,ideal food basket,500 Geneva Ave,2122,445110,Supermarkets and Other Grocery (except Convenience) Stores,44,Retail Trade,3,1 to 9,Fields Corner,POINT (-71.062183 42.298881),,6,4,
3424,3425,42.299997,-71.060432,hien vuong,1487 Dorchester Ave,2122,722511,Full-Service Restaurants,72,Accommodation and Food Services,1,1 to 9,Fields Corner,POINT (-71.060432 42.299997),,6,4,
3425,3426,42.299179,-71.06086,h&r block,1515 Dorchester Ave,2122,541213,Tax Preparation Services,54,"Professional, Scientific, and Technical Services",2,1 to 9,Fields Corner,POINT (-71.06086 42.299179),,6,4,
3426,3427,42.298222,-71.06048,h levenbaum insurance agency,1534 Dorchester Ave,2122,524210,Insurance Agencies and Brokerages,52,Finance and Insurance,8,1 to 9,Fields Corner,POINT (-71.06048 42.298222),,6,4,
3430,3431,42.299588,-71.060542,golden star chinese restaurant,1495 Dorchester Ave,2122,722511,Full-Service Restaurants,72,Accommodation and Food Services,8,1 to 9,Fields Corner,POINT (-71.060542 42.299588),,6,4,
3432,3433,42.297425,-71.060785,gadget repair king wireless,1560 Dorchester Ave,2122,517312,Wireless Telecommunications Carriers (except Satellite),51,Information,2,1 to 9,Fields Corner,POINT (-71.060785 42.297425),,6,4,
3433,3434,42.298222,-71.06048,friends of andrea campbell,1534 Dorchester Ave,2122,813940,Political Organizations,81,Other Services,3,1 to 9,Fields Corner,POINT (-71.06048 42.298222),,6,4,
3434,3435,42.299118,-71.060189,frank & company inc,1510 Dorchester Ave,2122,621210,Offices of Dentists,62,Healthcare and Social Assistance,5,1 to 9,Fields Corner,POINT (-71.060189 42.299118),,6,4,
3436,3437,42.298222,-71.06048,found in translation,1534 Dorchester Ave,2122,541930,Translation and Interpretation Services,54,"Professional, Scientific, and Technical Services",6,1 to 9,Fields Corner,POINT (-71.06048 42.298222),,6,4,
3439,3440,42.299076,-71.062111,fields station liqour inc,506 Geneva Ave,2122,445310,"Beer, Wine, and Liquor Stores",44,Retail Trade,12,10 to 24,Fields Corner,POINT (-71.062111 42.299076),,6,4,
3440,3441,42.299983,-71.060436,fields corner store,1489 Dorchester Ave,2122,444190,Other Building Material Dealers,44,Retail Trade,937,100+,Fields Corner,POINT (-71.060436 42.299983),,6,4,
3441,3442,42.298683,-71.060603,fields corner public library,1520 Dorchester Ave,2122,519120,Libraries and Archives,51,Information,5,1 to 9,Fields Corner,POINT (-71.060603 42.298683),,6,4,
3444,3445,42.299923,-71.060074,fields corner corner super market,1490 Dorchester Ave,2122,445110,Supermarkets and Other Grocery (except Convenience) Stores,44,Retail Trade,2,1 to 9,Fields Corner,POINT (-71.060074 42.299923),,6,4,
3449,3450,42.298881,-71.062183,field station llc,500 Geneva Ave,2122,711310,"Promoters of Performing Arts, Sports, and Similar Events with Facilities",71,"Arts, Entertainment, and Recreation",10,10 to 24,Fields Corner,POINT (-71.062183 42.298881),,6,4,
3450,3451,42.299076,-71.062111,field station llc,506 Geneva Ave,2122,711310,"Promoters of Performing Arts, Sports, and Similar Events with Facilities",71,"Arts, Entertainment, and Recreation",10,10 to 24,Fields Corner,POINT (-71.062111 42.299076),,6,4,
3454,3455,42.297668,-71.060636,ezenwa l nwogu law office,1558 Dorchester Ave,2122,541110,Offices of Lawyers,54,"Professional, Scientific, and Technical Services",4,1 to 9,Fields Corner,POINT (-71.060636 42.297668),,6,4,
3455,3456,42.299168,-71.061798,executive cleaners dorchester,514 Geneva Ave,2122,812320,Drycleaning and Laundry Services (except Coin-Operated),81,Other Services,11,10 to 24,Fields Corner,POINT (-71.061798 42.299168),,6,4,
3456,3457,42.297668,-71.060636,exclusive mass mktg group,1558 Dorchester Ave,2122,541613,Marketing Consulting Services,54,"Professional, Scientific, and Technical Services",11,10 to 24,Fields Corner,POINT (-71.060636 42.297668),,6,4,
3458,3459,42.297947,-71.060427,"elmwood orthopedic rehab center, inc",15 Christopher St,2122,624310,Vocational Rehabilitation Services,62,Healthcare and Social Assistance,0,Not Available,Fields Corner,POINT (-71.060427 42.297947),,6,4,
3459,3460,42.298222,-71.06048,elite staffing multiservices,1534 Dorchester Ave,2122,541612,Human Resources Consulting Services,54,"Professional, Scientific, and Technical Services",6,1 to 9,Fields Corner,POINT (-71.06048 42.298222),,6,4,
3460,3461,42.298452,-71.060278,eblens clothing & footwear,132 Park St,2122,448140,Family Clothing Stores,44,Retail Trade,10,10 to 24,Fields Corner,POINT (-71.060278 42.298452),,6,4,
3461,3462,42.298411,-71.060523,eblens,1524 Dorchester Ave,2122,0,,99,Undefined,0,Not Available,Fields Corner,POINT (-71.060523 42.298411),,6,4,
3466,3467,42.296597,-71.060947,dunkin',1580-A Dorchester Ave,2122,722515,Snack and Nonalcoholic Beverage Bars,72,Accommodation and Food Services,25,25 to 49,Fields Corner,POINT (-71.060947 42.296597),,6,4,
3471,3472,42.299118,-71.060189,dorchester youth collaborative,1514A Dorchester Ave,2122,624110,Child and Youth Services,62,Healthcare and Social Assistance,7,1 to 9,Fields Corner,POINT (-71.060189 42.299118),,6,4,
3473,3474,42.299118,-71.060189,dorchester podiatry associates,1510 Dorchester Ave,2122,621391,Offices of Podiatrists,62,Healthcare and Social Assistance,2,1 to 9,Fields Corner,POINT (-71.060189 42.299118),,6,4,
3475,3476,42.298305,-71.060465,dorchester furniture,1532 Dorchester Ave,2122,442110,Furniture Stores,44,Retail Trade,3,1 to 9,Fields Corner,POINT (-71.060465 42.298305),,6,4,
3476,3477,42.299249,-71.060261,dorchester dollar,1504A Dorchester Ave,2122,423990,Other Miscellaneous Durable Goods Merchant Wholesalers,42,Wholesale Trade,6,1 to 9,Fields Corner,POINT (-71.060261 42.299249),,6,4,
3478,3479,42.299885,-71.060491,dorchester clothing inc,1491 Dorchester Ave,2122,448140,Family Clothing Stores,44,Retail Trade,3,1 to 9,Fields Corner,POINT (-71.060491 42.299885),,6,4,
3480,3481,42.29987,-71.060014,dorchester art project,1486 Dorchester Ave,2122,453920,Art Dealers,45,Retail Trade,0,Not Available,Fields Corner,POINT (-71.060014 42.29987),,6,4,
3481,3482,42.298881,-71.062183,dollar general,500 Geneva Ave,2122,452319,All Other General Merchandise Stores,45,Retail Trade,7,1 to 9,Fields Corner,POINT (-71.062183 42.298881),,6,4,
3483,3484,42.298626,-71.060425,djs commercial cleaning service,140 Park St,2122,561720,Janitorial Services,56,"Adminstrative, Support, Waste Management, and Remediation Services",5,1 to 9,Fields Corner,POINT (-71.060425 42.298626),,6,4,
3490,3491,42.298881,-71.062183,cvs pharmacy,500 Geneva Ave,2122,446110,Pharmacies and Drug Stores,44,Retail Trade,14,10 to 24,Fields Corner,POINT (-71.062183 42.298881),,6,4,
3492,3493,42.299118,-71.060189,cricket wireless authorized retailer,1514 Dorchester Ave,2122,517312,Wireless Telecommunications Carriers (except Satellite),51,Information,4,1 to 9,Fields Corner,POINT (-71.060189 42.299118),,6,4,
3495,3496,42.296347,-71.061077,community health & rehab center,1590 Dorchester Ave,2122,621340,"Offices of Physical, Occupational and Speech Therapists, and Audiologists",62,Healthcare and Social Assistance,3,1 to 9,Fields Corner,POINT (-71.061077 42.296347),,6,4,
3497,3498,42.300081,-71.059915,coco leaf,1480 Dorchester Ave,2122,722511,Full-Service Restaurants,72,Accommodation and Food Services,4,1 to 9,Fields Corner,POINT (-71.059915 42.300081),,6,4,
3498,3499,42.299118,-71.060189,coco chen inc,1512 Dorchester Ave,2122,0,,99,Undefined,0,Not Available,Fields Corner,POINT (-71.060189 42.299118),,6,4,
3504,3505,42.29847,-71.06028,chill on park llc,142 Park St,2122,722515,Snack and Nonalcoholic Beverage Bars,72,Accommodation and Food Services,10,10 to 24,Fields Corner,POINT (-71.06028 42.29847),,6,4,
3507,3508,42.299885,-71.060491,charles p smith financial services,1485 Dorchester Ave,2122,541213,Tax Preparation Services,54,"Professional, Scientific, and Technical Services",1,1 to 9,Fields Corner,POINT (-71.060491 42.299885),,6,4,
3508,3509,42.298305,-71.060465,cero cooperative inc,1532B Dorchester Ave,2122,522110,Commercial Banking,52,Finance and Insurance,50,50 to 99,Fields Corner,POINT (-71.060465 42.298305),,6,4,
3509,3510,42.297855,-71.060849,century 21 cahill associates,1544 Dorchester Ave,2122,531210,Offices of Real Estate Agents and Brokers,53,Real Estate Rental and Leasing,2,1 to 9,Fields Corner,POINT (-71.060849 42.297855),,6,4,
3510,3511,42.297668,-71.060636,caring bees healthcare llc,1558 Dorchester Ave,2122,621999,All Other Miscellaneous Ambulatory Health Care Services,62,Healthcare and Social Assistance,10,10 to 24,Fields Corner,POINT (-71.060636 42.297668),,6,4,
3511,3512,42.297668,-71.060636,caring bee's healthcare,1558 Dorchester Ave,2122,621999,All Other Miscellaneous Ambulatory Health Care Services,62,Healthcare and Social Assistance,7,1 to 9,Fields Corner,POINT (-71.060636 42.297668),,6,4,
3515,3516,42.297668,-71.060636,bwm,1558 Dorchester Ave,2122,541613,Marketing Consulting Services,54,"Professional, Scientific, and Technical Services",0,Not Available,Fields Corner,POINT (-71.060636 42.297668),,6,4,
3516,3517,42.299236,-71.060883,bsw fields corner,1513 Dorchester Ave,2122,0,,99,Undefined,0,Not Available,Fields Corner,POINT (-71.060883 42.299236),,6,4,
3517,3518,42.299236,-71.060883,bsw beauty mattapan llc,1513 Dorchester Ave,2122,812112,Beauty Salons,81,Personal Care Services,0,Not Available,Fields Corner,POINT (-71.060883 42.299236),,6,4,
3519,3520,42.299994,-71.061295,boston gun & rifle association,1483 Dorchester Ave,2122,813910,Business Associations,81,Other Services,5,1 to 9,Fields Corner,POINT (-71.061295 42.299994),,6,4,
3522,3523,42.299885,-71.060491,blue sparks collaborative,1485 Dorchester Ave,2122,512110,Motion Picture and Video Production,51,Information,0,Not Available,Fields Corner,POINT (-71.060491 42.299885),,6,4,
3523,3524,42.299885,-71.060491,blue rem redevelopers inc,1485 Dorchester Ave,2122,0,,99,Undefined,0,Not Available,Fields Corner,POINT (-71.060491 42.299885),,6,4,
3525,3526,42.299169,-71.060819,blarney stone bar inc,1509 Dorchester Ave,2122,722511,Full-Service Restaurants,72,Accommodation and Food Services,24,10 to 24,Fields Corner,POINT (-71.060819 42.299169),,6,4,
3526,3527,42.299885,-71.060491,bethel health systems,1485 Dorchester Ave,2122,621999,All Other Miscellaneous Ambulatory Health Care Services,62,Healthcare and Social Assistance,10,10 to 24,Fields Corner,POINT (-71.060491 42.299885),,6,4,
3530,3531,42.299249,-71.060261,bait to plate fish market,1504 Dorchester Ave,2122,445220,Fish and Seafood Markets,44,Retail Trade,6,1 to 9,Fields Corner,POINT (-71.060261 42.299249),,6,4,
3536,3537,42.299351,-71.060094,antonio's pizzeria,1508 Dorchester Ave,2122,722511,Full-Service Restaurants,72,Accommodation and Food Services,8,1 to 9,Fields Corner,POINT (-71.060094 42.299351),,6,4,
3538,3539,42.296347,-71.061077,allpro medical rehab,1590 Dorchester Ave,2122,621340,"Offices of Physical, Occupational and Speech Therapists, and Audiologists",62,Healthcare and Social Assistance,4,1 to 9,Fields Corner,POINT (-71.061077 42.296347),,6,4,
3540,3541,42.297344,-71.061871,all dorchester sports league,1565 Dorchester Ave,2122,813990,"Other Similar Organizations (except Business, Professional, Labor, and Political Organizations)",81,Other Services,3,1 to 9,Fields Corner,POINT (-71.061871 42.297344),,6,4,
3542,3543,42.299249,-71.060261,affordable dentures & implants,1504 Dorchester Ave,2122,621210,Offices of Dentists,62,Healthcare and Social Assistance,5,1 to 9,Fields Corner,POINT (-71.060261 42.299249),,6,4,
3544,3545,42.299387,-71.061046,above & beyond window cleaning,16 Faulkner St,2122,238990,All Other Specialty Trade Contractors,23,Construction,3,1 to 9,Fields Corner,POINT (-71.061046 42.299387),,6,4,
3548,3549,42.298881,-71.062183,520 geneva clothing,520 Geneva Ave,2122,448140,Family Clothing Stores,44,Retail Trade,10,10 to 24,Fields Corner,POINT (-71.062183 42.298881),,6,4,
3552,3553,42.299651,-71.060524,yum yum restaurant,1493 Dorchester Ave,2122,722511,Full-Service Restaurants,72,Accommodation and Food Services,5,1 to 9,Fields Corner,POINT (-71.060524 42.299651),,6,4,
3556,3557,42.299525,-71.06056,golden star restaurant,1497 Dorchester Ave,2122,722511,Full-Service Restaurants,72,Accommodation and Food Services,8,1 to 9,Fields Corner,POINT (-71.06056 42.299525),,6,4,
3558,3559,42.299503,-71.060593,boston burger,1501 Dorchester Ave,2122,722511,Full-Service Restaurants,72,Accommodation and Food Services,8,1 to 9,Fields Corner,POINT (-71.060593 42.299503),,6,4,
3559,3560,42.299118,-71.060189,a sweet place,1514 Dorchester Ave,2122,445292,Confectionery and Nut Stores,44,Retail Trade,5,1 to 9,Fields Corner,POINT (-71.060189 42.299118),,6,4,
3561,3562,42.291069,-71.063019,zia gianna,1739 Dorchester Ave,2124,311811,Retail Bakeries,31,Manufacturing,6,1 to 9,Greater Ashmont,POINT (-71.063019 42.291069),,6,4,
3562,3563,42.28582,-71.064728,yankee insurance agency,569 Talbot Ave,2124,524210,Insurance Agencies and Brokerages,52,Finance and Insurance,2,1 to 9,Greater Ashmont,POINT (-71.064728 42.28582),,6,4,
3563,3564,42.284953,-71.064791,wireless telecom center inc,1931 Dorchester Ave,2124,517312,Wireless Telecommunications Carriers (except Satellite),51,Information,2,1 to 9,Greater Ashmont,POINT (-71.064791 42.284953),,6,4,
3570,3571,42.2954,-71.061388,tri seafood ocean restaurant,1616 Dorchester Ave,2122,722511,Full-Service Restaurants,72,Accommodation and Food Services,8,1 to 9,Greater Ashmont,POINT (-71.061388 42.2954),,6,4,
3578,3579,42.290089,-71.063292,super 99 cent plus my tan fashion,1759 Dorchester Ave,2124,532282,Video Tape and Disc Rental,53,Real Estate Rental and Leasing,3,1 to 9,Greater Ashmont,POINT (-71.063292 42.290089),,6,4,
3579,3580,42.287501,-71.064249,styllistik,1859 Dorchester Ave,2124,812112,Beauty Salons,81,Personal Care Services,3,1 to 9,Greater Ashmont,POINT (-71.064249 42.287501),,6,4,
3580,3581,42.288998,-71.063683,star contracting co,1773 Dorchester Ave,2124,236115,New Single-Family Housing Construction (except For-Sale Builders),23,Construction,2,1 to 9,Greater Ashmont,POINT (-71.063683 42.288998),,6,4,
3582,3583,42.2954,-71.061388,shaking seafood,1616 Dorchester Ave,2122,722511,Full-Service Restaurants,72,Accommodation and Food Services,4,1 to 9,Greater Ashmont,POINT (-71.061388 42.2954),,6,4,
3586,3587,42.288307,-71.063774,s & r computer repair,1831 Dorchester Ave,2124,811212,Computer and Office Machine Repair and Maintenance,81,Other Services,2,1 to 9,Greater Ashmont,POINT (-71.063774 42.288307),,6,4,
3588,3589,42.284509,-71.064902,reginald blanchard law offices,1939 Dorchester Ave,2124,541110,Offices of Lawyers,54,"Professional, Scientific, and Technical Services",5,1 to 9,Greater Ashmont,POINT (-71.064902 42.284509),,6,4,
3593,3594,42.29098,-71.06307,perfect cuts,1741 Dorchester Ave,2124,812111,Barber Shops,81,Personal Care Services,2,1 to 9,Greater Ashmont,POINT (-71.06307 42.29098),,6,4,
3595,3596,42.285804,-71.06473,"peachy smiles ashmont, llc",172 Ashmont St,2124,621210,Offices of Dentists,62,Healthcare and Social Assistance,4,1 to 9,Greater Ashmont,POINT (-71.06473 42.285804),,6,4,
3596,3597,42.285804,-71.06473,peachy smiles ashmont dent surgery,172 Ashmont St,2124,621210,Offices of Dentists,62,Healthcare and Social Assistance,5,1 to 9,Greater Ashmont,POINT (-71.06473 42.285804),,6,4,
3597,3598,42.288998,-71.063683,osa service,1773 Dorchester Ave,2124,541219,Other Accounting Services,54,"Professional, Scientific, and Technical Services",5,1 to 9,Greater Ashmont,POINT (-71.063683 42.288998),,6,4,
3599,3600,42.284405,-71.065338,odwin learning center,1943 Dorchester Ave,2124,813319,Other Social Advocacy Organizations,81,Other Services,13,10 to 24,Greater Ashmont,POINT (-71.065338 42.284405),,6,4,
3600,3601,42.28541,-71.0646,obriens liquors zari,1911 Dorchester Ave,2124,445310,"Beer, Wine, and Liquor Stores",44,Retail Trade,4,1 to 9,Greater Ashmont,POINT (-71.0646 42.28541),,6,4,
3601,3602,42.28541,-71.0646,o'brien's wines & liquors market,1911 Dorchester Ave,2124,312130,Wineries,31,Manufacturing,5,1 to 9,Greater Ashmont,POINT (-71.0646 42.28541),,6,4,
3602,3603,42.284509,-71.064902,new england fast tax,1939 Dorchester Ave,2124,531210,Offices of Real Estate Agents and Brokers,53,Real Estate Rental and Leasing,5,1 to 9,Greater Ashmont,POINT (-71.064902 42.284509),,6,4,
3603,3604,42.289041,-71.063672,new americans' family network,1803 Dorchester Ave,2124,813319,Other Social Advocacy Organizations,81,Other Services,9,1 to 9,Greater Ashmont,POINT (-71.063672 42.289041),,6,4,
3607,3608,42.285171,-71.06473,miracle hair salon,1915 Dorchester Ave,2124,812112,Beauty Salons,81,Personal Care Services,3,1 to 9,Greater Ashmont,POINT (-71.06473 42.285171),,6,4,
3610,3611,42.286152,-71.064884,micci fuel co,551 Talbot Ave,2124,238220,"Plumbing, Heating, and Air-Conditioning Contractors",23,Construction,6,1 to 9,Greater Ashmont,POINT (-71.064884 42.286152),,6,4,
3611,3612,42.285804,-71.06473,metro by t-mobile-authorized retailer,573 Talbot Ave,2124,517312,Wireless Telecommunications Carriers (except Satellite),51,Information,2,1 to 9,Greater Ashmont,POINT (-71.06473 42.285804),,6,4,
3613,3614,42.284187,-71.065019,massachusetts local telephone,1953 Dorchester Ave,2124,517311,Wired Telecommunications Carriers,51,Information,7,1 to 9,Greater Ashmont,POINT (-71.065019 42.284187),,6,4,
3614,3615,42.289041,-71.063672,massachusetts affordable housing,1803 Dorchester Ave,2124,813319,Other Social Advocacy Organizations,81,Other Services,9,1 to 9,Greater Ashmont,POINT (-71.063672 42.289041),,6,4,
3616,3617,42.289041,-71.063672,mass affordable housing alliance,1803 Dorchester Ave,2124,624190,Other Individual and Family Services,62,Healthcare and Social Assistance,11,10 to 24,Greater Ashmont,POINT (-71.063672 42.289041),,6,4,
3617,3618,42.289041,-71.063672,marius & grandoit inc,1803 Dorchester Ave,2124,541110,Offices of Lawyers,54,"Professional, Scientific, and Technical Services",3,1 to 9,Greater Ashmont,POINT (-71.063672 42.289041),,6,4,
3619,3620,42.289041,-71.063672,maha,1803 Dorchester Ave,2124,813319,Other Social Advocacy Organizations,81,Other Services,9,1 to 9,Greater Ashmont,POINT (-71.063672 42.289041),,6,4,
3620,3621,42.288998,-71.063683,maat therapeutic solutions inc,1773 Dorchester Ave,2124,812199,Other Personal Care Services,81,Other Services,0,Not Available,Greater Ashmont,POINT (-71.063683 42.288998),,6,4,
3621,3622,42.29579,-71.061694,lou's custom exhaust,1607 Dorchester Ave,2122,811112,Automotive Exhaust System Repair,81,Other Services,1,1 to 9,Greater Ashmont,POINT (-71.061694 42.29579),,6,4,
3625,3626,42.28517,-71.064641,johnny's pizza & subs,1917 Dorchester Ave,2124,722511,Full-Service Restaurants,72,Accommodation and Food Services,2,1 to 9,Greater Ashmont,POINT (-71.064641 42.28517),,6,4,
3626,3627,42.292703,-71.062574,jnr inc,1707 Dorchester Ave,2124,811111,General Automotive Repair,81,Other Services,2,1 to 9,Greater Ashmont,POINT (-71.062574 42.292703),,6,4,
3627,3628,42.288998,-71.063683,jmn outreach inc,1773 Dorchester Ave,2124,813319,Other Social Advocacy Organizations,81,Other Services,9,1 to 9,Greater Ashmont,POINT (-71.063683 42.288998),,6,4,
3628,3629,42.287501,-71.064249,instep frame & video,1859 Dorchester Ave,2124,532282,Video Tape and Disc Rental,53,Real Estate Rental and Leasing,3,1 to 9,Greater Ashmont,POINT (-71.064249 42.287501),,6,4,
3631,3632,42.293923,-71.062687,henderson school,1669 Dorchester Ave,2122,611110,Elementary and Secondary Schools,61,Educational Services,56,50 to 99,Greater Ashmont,POINT (-71.062687 42.293923),,6,4,
3632,3633,42.288998,-71.063683,healy painting & contracting inc,1773 Dorchester Ave,2124,238320,Painting and Wall Covering Contractors,23,Construction,3,1 to 9,Greater Ashmont,POINT (-71.063683 42.288998),,6,4,
3634,3635,42.285171,-71.06473,hair stop,1921 Dorchester Ave,2124,446120,"Cosmetics, Beauty Supplies, and Perfume Stores",44,Retail Trade,2,1 to 9,Greater Ashmont,POINT (-71.06473 42.285171),,6,4,
3635,3636,42.289041,-71.063672,greater boston sickle cell,1803 Dorchester Ave,2124,621111,Offices of Physicians (except Mental Health Specialists),62,Healthcare and Social Assistance,6,1 to 9,Greater Ashmont,POINT (-71.063672 42.289041),,6,4,
3636,3637,42.289041,-71.063672,grater boston interfaith organization,1803 Dorchester Ave,2124,813110,Religious Organizations,81,Other Services,0,Not Available,Greater Ashmont,POINT (-71.063672 42.289041),,6,4,
3641,3642,42.288469,-71.063874,forest hills dental,1815 Dorchester Ave,2124,621210,Offices of Dentists,62,Healthcare and Social Assistance,4,1 to 9,Greater Ashmont,POINT (-71.063874 42.288469),,6,4,
3646,3647,42.293413,-71.062458,exit bayside realty,1675 Dorchester Ave,2122,531210,Offices of Real Estate Agents and Brokers,53,Real Estate Rental and Leasing,11,10 to 24,Greater Ashmont,POINT (-71.062458 42.293413),,6,4,
3649,3650,42.29579,-71.061694,eddy's automotive,1607 Dorchester Ave,2122,811111,General Automotive Repair,81,Other Services,2,1 to 9,Greater Ashmont,POINT (-71.061694 42.29579),,6,4,
3651,3652,42.284953,-71.064791,dunkin',1931 Dorchester Ave,2124,722515,Snack and Nonalcoholic Beverage Bars,72,Accommodation and Food Services,10,10 to 24,Greater Ashmont,POINT (-71.064791 42.284953),,6,4,
3661,3662,42.29098,-71.06307,crawford drug store,1735 Dorchester Ave,2124,446110,Pharmacies and Drug Stores,44,Retail Trade,4,1 to 9,Greater Ashmont,POINT (-71.06307 42.29098),,6,4,
3662,3663,42.287312,-71.064163,cooke r b & son inc,1861 Dorchester Ave,2124,484110,"General Freight Trucking, Local",48,Transportation and Warehosuing,7,1 to 9,Greater Ashmont,POINT (-71.064163 42.287312),,6,4,
3665,3666,42.287501,-71.064249,connelly construction co inc,1859 Dorchester Ave,2124,236115,New Single-Family Housing Construction (except For-Sale Builders),23,Construction,1,1 to 9,Greater Ashmont,POINT (-71.064249 42.287501),,6,4,
3666,3667,42.295922,-71.061152,collins & collins inc,1594 Dorchester Ave,2122,524210,Insurance Agencies and Brokerages,52,Finance and Insurance,5,1 to 9,Greater Ashmont,POINT (-71.061152 42.295922),,6,4,
3667,3668,42.289041,-71.063672,coalition for occupied homes inc,1803 Dorchester Ave,2124,813319,Other Social Advocacy Organizations,81,Other Services,9,1 to 9,Greater Ashmont,POINT (-71.063672 42.289041),,6,4,
3668,3669,42.285804,-71.06473,clean & seal dental program,172 Ashmont St,2124,621210,Offices of Dentists,62,Healthcare and Social Assistance,0,Not Available,Greater Ashmont,POINT (-71.06473 42.285804),,6,4,
3674,3675,42.287501,-71.064249,burgess realty group,1859 Dorchester Ave,2124,531210,Offices of Real Estate Agents and Brokers,53,Real Estate Rental and Leasing,5,1 to 9,Greater Ashmont,POINT (-71.064249 42.287501),,6,4,
3675,3676,42.287126,-71.064095,boston senior home carepeabody,1875 Dorchester Ave,2124,623312,Assisted Living Facilities for the Elderly,62,Healthcare and Social Assistance,9,1 to 9,Greater Ashmont,POINT (-71.064095 42.287126),,6,4,
3676,3677,42.287126,-71.064095,boston housing authority,1875 Dorchester Ave,2124,531311,Residential Property Managers,53,Real Estate Rental and Leasing,3,1 to 9,Greater Ashmont,POINT (-71.064095 42.287126),,6,4,
3679,3680,42.287701,-71.064047,big city chiropractic,1855 Dorchester Ave,2124,621310,Offices of Chiropractors,62,Healthcare and Social Assistance,3,1 to 9,Greater Ashmont,POINT (-71.064047 42.287701),,6,4,
3683,3684,42.285804,-71.06473,asian gallery art & gift shop,571 Talbot Ave,2124,453220,"Gift, Novelty, and Souvenir Stores",45,Retail Trade,3,1 to 9,Greater Ashmont,POINT (-71.06473 42.285804),,6,4,
3685,3686,42.285446,-71.064564,ashmont nail & spa,1913 Dorchester Ave,2124,812113,Nail Salons,81,Personal Care Services,3,1 to 9,Greater Ashmont,POINT (-71.064564 42.285446),,6,4,
3686,3687,42.285999,-71.064815,ashmont grill,555 Talbot Ave,2124,722310,Food Service Contractors,72,Accommodation and Food Services,50,50 to 99,Greater Ashmont,POINT (-71.064815 42.285999),,6,4,
3687,3688,42.28334,-71.065117,ashmont cycles inc,1977 Dorchester Ave,2124,451110,Sporting Goods Stores,45,Retail Trade,3,1 to 9,Greater Ashmont,POINT (-71.065117 42.28334),,6,4,
3691,3692,42.28541,-71.0646,aftab uddin biswas corp,1911 Dorchester Ave,2124,813319,Other Social Advocacy Organizations,81,Other Services,9,1 to 9,Greater Ashmont,POINT (-71.0646 42.28541),,6,4,
3694,3695,42.284405,-71.065338,1943 dot ave llc,1943 Dorchester Ave,2124,0,,99,Undefined,0,Not Available,Greater Ashmont,POINT (-71.065338 42.284405),,6,4,
3697,3698,42.283257,-71.065224,american provisions,1971 Dorchester Ave,2124,445299,All Other Specialty Food Stores,44,Retail Trade,5,1 to 9,Greater Ashmont,POINT (-71.065224 42.283257),,6,4,